"AGR_Detail_RecID","Sequence","Product ID","Description","Agreement Type","Agreement Name","Company Name","Start Date","Billing Start Date","End Date","Billing Cycle","Effective Date","Canceled Date","Next Invoice Date","Total Quantity","Less Included","Quantity To Bill","Unit Price","Unit Cost","Ext Price","Ext Cost","Bill","Taxable","Addition Level","Agreement Status","Addition Status","Product Class","Invoice Group ID","Invoice Group Description"
"211","1","=""WFMSP Cove Backup-Workstation""","Veeam & Wasabi Cloud Backup - 4TB ","Managed Services","Cloud Backup - Quote 7515","Barnard Insurance Agency, LLP","10/01/2022 12:00 am","10/01/2022 12:00 am","","Monthly","10/01/2022 12:00 am","","03/01/2023 12:00 am","1.00","0.00","1.00","165.000000","0.000000","165.000000","0.000000","=""True""","True","","Active","Active","Agreement","",""
"119","1","=""WFMSP Cove Backup-Workstation""","Cloud Backup - 200GB *Billed annually - $20/month  x 12 Months ","Managed Services","Cloud Backup - Quote 8234","High Point Management","01/01/2023 12:00 am","01/01/2023 12:00 am","","Annual","01/01/2023 12:00 am","","","1.00","0.00","1.00","240.000000","0.000000","240.000000","0.000000","=""True""","True","","Active","Active","Agreement","",""
"272","1","=""WFMSP Cove Backup-Workstation""","WFMSP Cloud Backup *Billed annually as of 1/1/23 12 Months @ $30.00/month","Managed Services","Cloud Backup 1.5 TB Storage - 2023","Janae Resources","01/01/2023 12:00 am","01/01/2023 12:00 am","","Annual","01/01/2023 12:00 am","","","1.00","0.00","1.00","360.000000","7.000000","360.000000","7.000000","=""True""","True","","Active","Active","Agreement","",""
"261","1","=""WFMSP Slvr Svr""","Silver Package Server Program: - 24/7 Remote Performance Monitoring - Windows Based Patch Management - Endpoint Detection and Recovery (EDR) - Password Management - Server Documents and Critical System State Cloud Based Backups - 2TB - Discounted hourly rate outside of management contract","Managed Services","Cloud Based Server Backup Solution","Gary Baker & Associates, LLC","11/28/2022 12:00 am","12/05/2022 12:00 am","11/22/2023 12:00 am","Monthly","12/05/2022 12:00 am","","03/01/2023 12:00 am","1.00","0.00","1.00","150.000000","50.000000","150.000000","50.000000","=""True""","True","","Active","Active","Agreement","",""
"284","1","=""WFMSP EDR-Sentinel One""","Endpoint Detection & Response (Sentinel One) (MRC)","Managed Services","EDR","Wilbarger County - Adult Probation","01/11/2023 12:00 am","01/15/2023 12:00 am","01/10/2024 12:00 am","Monthly","01/15/2023 12:00 am","01/10/2024 12:00 am","03/01/2023 12:00 am","4.00","0.00","4.00","5.990000","2.500000","23.960000","10.000000","=""True""","True","","Active","Active","Agreement","",""
"243","1","=""WFMSP EDR-Sentinel One""","Endpoint Detection & Response (Sentinel One)","Managed Services","EDR (Monthly)","Berend Turf & Tractor, LP","10/10/2022 12:00 am","11/01/2022 12:00 am","10/09/2023 12:00 am","Monthly","11/01/2022 12:00 am","10/09/2023 12:00 am","03/01/2023 12:00 am","15.00","0.00","15.00","6.000000","0.000000","90.000000","0.000000","=""True""","True","","Active","Active","Agreement","",""
"246","1","=""WFMSP EDR-Sentinel One""","Endpoint Detection & Response (Sentinel One)","Managed Services","EDR for Laptops","TWG Investments, LTD","10/18/2022 12:00 am","11/01/2022 12:00 am","10/17/2023 12:00 am","Monthly","11/01/2022 12:00 am","11/01/2023 12:00 am","03/01/2023 12:00 am","3.00","0.00","3.00","8.000000","0.000000","24.000000","0.000000","=""True""","True","","Active","Active","Agreement","",""
"245","1","=""WFMSP EDR-Sentinel One""","Endpoint Detection & Response (Sentinel One) 1 Yr","Managed Services","EDR SentinalOne Antivirus Renewal","S-5! Manufacturing","10/18/2022 12:00 am","11/01/2022 12:00 am","10/17/2023 12:00 am","Monthly","11/01/2022 12:00 am","10/17/2023 12:00 am","03/01/2023 12:00 am","5.00","0.00","5.00","5.990000","0.000000","29.950000","0.000000","=""True""","True","","Active","Active","Agreement","",""
"83","1","=""WFMSP EDR-Sentinel One""","Endpoint Detection & Response (Sentinel One) *Billed annually - 12 months @ $7.99 each","Managed Services","Endpoint Detection & Response - Quote 8266","Peba Oil & Gas Inc.","09/01/2022 12:00 am","02/01/2023 12:00 am","01/31/2024 12:00 am","Annual","02/01/2023 12:00 am","01/31/2024 12:00 am","","1.00","0.00","1.00","95.880000","0.000000","95.880000","0.000000","=""True""","True","","Active","Active","Agreement","",""
"118","2","=""WFMSP Offsite Backup""","Offsite Backup","Managed Services","Managed EDR & Offsite Backup","Dr. John Caras","09/01/2022 12:00 am","09/01/2022 12:00 am","","Monthly","09/01/2022 12:00 am","","03/01/2023 12:00 am","1.00","0.00","1.00","50.000000","0.000000","50.000000","0.000000","=""True""","True","","Active","Active","Agreement","",""
"117","1","=""WFMSP EDR-Sentinel One""","SolarWinds Endpoint Detection & Response (Sentinel One)","Managed Services","Managed EDR & Offsite Backup","Dr. John Caras","09/01/2022 12:00 am","09/01/2022 12:00 am","","Monthly","09/01/2022 12:00 am","","03/01/2023 12:00 am","3.00","0.00","3.00","6.000000","0.000000","18.000000","0.000000","=""True""","True","","Active","Active","Agreement","",""
"82","1","=""WF Managed Network""","Monthly Managed Firewall and Switches (Hardware as a Service)","Managed Services","Managed Firewall & Switches - Quote 8388","Kell West Regional Hospital","09/01/2022 12:00 am","09/01/2022 12:00 am","04/30/2023 12:00 am","Monthly","09/01/2022 12:00 am","","03/01/2023 12:00 am","1.00","0.00","1.00","1200.000000","0.000000","1200.000000","0.000000","=""True""","True","","Active","Active","Agreement","",""
"128","2","=""WFMSP Offsite Backup""","Offsite Backup (hybrid: Veeam/Wasabi)","Managed Services","Managed Firewall & Switches - Quote 8388","Kell West Regional Hospital","09/01/2022 12:00 am","09/01/2022 12:00 am","04/30/2023 12:00 am","Monthly","09/01/2022 12:00 am","","03/01/2023 12:00 am","6.00","0.00","6.00","50.000000","0.000000","300.000000","0.000000","=""True""","True","","Active","Active","Agreement","",""
"141","1","=""WFMSP Offsite Backup""","Offsite Backup","Managed Services","Managed Offsite Backup","Willowbend Investments, Inc.","09/01/2022 12:00 am","09/01/2022 12:00 am","","Monthly","09/01/2022 12:00 am","","03/01/2023 12:00 am","1.00","0.00","1.00","109.000000","0.000000","109.000000","0.000000","=""True""","True","","Active","Active","Agreement","",""
"142","2","=""WF Hosted Email""","WF Hosted Email - 15 pck - willowbendinvestments.com Monthly Billing per Quote 7102","Managed Services","Managed Offsite Backup","Willowbend Investments, Inc.","09/01/2022 12:00 am","09/01/2022 12:00 am","","Monthly","09/01/2022 12:00 am","10/31/2022 12:00 am","03/01/2023 12:00 am","1.00","0.00","1.00","25.000000","0.000000","25.000000","0.000000","=""True""","True","","Active","Cancelled","Agreement","",""
"156","2","=""WFMSP Cove Backup-Workstation""","Cloud Based Backup - 3TB ","Managed Services","Managed Service","Rolling Plains Management Corp. Crowell","09/01/2022 12:00 am","09/01/2022 12:00 am","","Monthly","09/01/2022 12:00 am","","03/01/2023 12:00 am","1.00","0.00","1.00","299.000000","0.000000","299.000000","0.000000","=""True""","True","","Active","Active","Agreement","",""
"155","1","=""WF Monthly Maintenance""","Web Fire Remote Network Management Contract ","Managed Services","Managed Service","Rolling Plains Management Corp. Crowell","09/01/2022 12:00 am","09/01/2022 12:00 am","","Monthly","09/01/2022 12:00 am","","03/01/2023 12:00 am","1.00","0.00","1.00","999.000000","0.000000","999.000000","0.000000","=""True""","True","","Active","Active","Agreement","",""
"152","1","=""WFMSP EDR-Sentinel One""","Endpoint Detection & Response (Sentinel One)","Managed Services","Managed Services","Vokes, Rita and Ed","09/01/2022 12:00 am","09/01/2022 12:00 am","","Monthly","09/01/2022 12:00 am","","03/01/2023 12:00 am","1.00","0.00","1.00","5.000000","0.000000","5.000000","0.000000","=""True""","True","","Active","Active","Agreement","",""
"153","2","=""WFMSP RMM Workstation""","Remote Monitoring and Management ~ Workstation","Managed Services","Managed Services","Vokes, Rita and Ed","09/01/2022 12:00 am","09/01/2022 12:00 am","","Monthly","09/01/2022 12:00 am","","03/01/2023 12:00 am","1.00","0.00","1.00","25.000000","0.000000","25.000000","0.000000","=""True""","True","","Active","Active","Agreement","",""
"161","1","=""WFMSP RMM Workstation""","Remote Monitoring and Management ~ Workstation","Managed Services","Managed Services","Kocher, James A.","09/01/2022 12:00 am","09/01/2022 12:00 am","","Monthly","09/01/2022 12:00 am","","03/01/2023 12:00 am","1.00","0.00","1.00","25.000000","0.000000","25.000000","0.000000","=""True""","True","","Active","Active","Agreement","",""
"162","2","=""WFMSP EDR-Sentinel One""","Endpoint Detection & Response (Sentinel One)","Managed Services","Managed Services","Kocher, James A.","09/01/2022 12:00 am","09/01/2022 12:00 am","","Monthly","09/01/2022 12:00 am","","03/01/2023 12:00 am","1.00","0.00","1.00","5.000000","0.000000","5.000000","0.000000","=""True""","True","","Active","Active","Agreement","",""
"181","3","=""WFMSP O365""","WF O365 Business Email Backup","Managed Services","Managed Services","Windthorst Federal Credit Union","09/01/2022 12:00 am","09/01/2022 12:00 am","","Monthly","09/01/2022 12:00 am","","03/01/2023 12:00 am","11.00","0.00","11.00","2.000000","0.000000","22.000000","0.000000","=""True""","True","","Active","Active","Agreement","",""
"182","4","=""WF Monthly Maintenance""","PC/Server Monitoring & Management (Includes Remote Backups 150 GB Billed per Quote 6596","Managed Services","Managed Services","Windthorst Federal Credit Union","09/01/2022 12:00 am","09/01/2022 12:00 am","","Monthly","09/01/2022 12:00 am","","03/01/2023 12:00 am","1.00","0.00","1.00","199.000000","0.000000","199.000000","0.000000","=""True""","True","","Active","Active","Agreement","",""
"210","5","=""MST-OFC-EE3-C100-MON""","Pax8 - Microsoft Office 365 E3 - Monthly","Managed Services","Managed Services","Windthorst Federal Credit Union","09/01/2022 12:00 am","09/01/2022 12:00 am","","Monthly","09/01/2022 12:00 am","","03/01/2023 12:00 am","11.00","0.00","11.00","20.750000","17.600000","228.250000","193.600000","=""True""","True","","Active","Active","Agreement","",""
"304","6","=""MST-EXO-PL1-C100""","Microsoft Exchange Online (Plan 1)","Managed Services","Managed Services","Windthorst Federal Credit Union","09/01/2022 12:00 am","09/01/2022 12:00 am","","Monthly","02/01/2023 12:00 am","","03/01/2023 12:00 am","2.00","0.00","2.00","4.000000","3.520000","8.000000","7.040000","=""True""","True","","Active","Active","Agreement","",""
"178","2","=""WFMSP Offsite Backup""","Offsite Backup","Managed Services","Managed Services ","White Realty Management Co.","09/01/2022 12:00 am","09/01/2022 12:00 am","","Monthly","09/01/2022 12:00 am","","03/01/2023 12:00 am","1.00","0.00","1.00","40.000000","0.000000","40.000000","0.000000","=""True""","True","","Active","Active","Agreement","",""
"195","3","=""MST-NCE-179-C100-MON""","Exchange Online (Plan 1) [New Commerce Experience]","Managed Services","Managed Services ","White Realty Management Co.","09/01/2022 12:00 am","09/01/2022 12:00 am","","Monthly","09/01/2022 12:00 am","","03/01/2023 12:00 am","6.00","0.00","6.00","5.000000","4.220000","30.000000","25.320000","=""True""","True","","Active","Active","Agreement","",""
"177","1","=""WFMSP O365""","Microsoft Office 365 Business Standard  *Installed on Emmie's PC in Oil & Gas Bldg on 4/14/21. ","Managed Services","Managed Services ","White Realty Management Co.","09/01/2022 12:00 am","09/01/2022 12:00 am","","Monthly","09/01/2022 12:00 am","01/31/2023 12:00 am","03/01/2023 12:00 am","1.00","0.00","1.00","12.500000","0.000000","12.500000","0.000000","=""True""","True","","Active","Cancelled","Agreement","",""
"179","1","=""WFMSP EDR-Sentinel One""","Endpoint Detection & Response (Sentinel One)","Managed Services","Managed Services","Windthorst Federal Credit Union","09/01/2022 12:00 am","09/01/2022 12:00 am","","Monthly","09/01/2022 12:00 am","","03/01/2023 12:00 am","15.00","0.00","15.00","5.500000","0.000000","82.500000","0.000000","=""True""","True","","Active","Active","Agreement","",""
"125","4","=""WFMSP MDR""","Managed Detection and Response (Huntress)","Managed Services","Managed Services","Knowles Door Check Co. Inc.","09/01/2022 12:00 am","09/01/2022 12:00 am","","Monthly","09/01/2022 12:00 am","","03/01/2023 12:00 am","14.00","0.00","14.00","3.500000","0.000000","49.000000","0.000000","=""True""","True","","Active","Active","Agreement","",""
"297","6","=""MST-NCE-190-C100-MON-1YR""","Pax8 - Office 365 E3 [NCE] - Monthly - 1YR Commit","Managed Services","Managed Services","Knowles Door Check Co. Inc.","09/01/2022 12:00 am","09/01/2022 12:00 am","","Monthly","02/01/2023 12:00 am","","03/01/2023 12:00 am","15.00","0.00","15.00","22.000000","20.240000","330.000000","303.600000","=""True""","True","","Active","Active","Agreement","",""
"126","5","=""WFMSP O365""","Microsoft Office 365 Enterprise","Managed Services","Managed Services","Knowles Door Check Co. Inc.","09/01/2022 12:00 am","09/01/2022 12:00 am","","Monthly","09/01/2022 12:00 am","01/31/2023 12:00 am","03/01/2023 12:00 am","15.00","0.00","15.00","22.000000","0.000000","330.000000","0.000000","=""True""","True","","Active","Cancelled","Agreement","",""
"122","1","=""WF Monthly Maintenance""","Web Fire Remote Server/Desktop/Backup Management - Server Mgmt/Backup (Monthly Billing)","Managed Services","Managed Services","Knowles Door Check Co. Inc.","09/01/2022 12:00 am","09/01/2022 12:00 am","","Monthly","09/01/2022 12:00 am","","03/01/2023 12:00 am","1.00","0.00","1.00","559.000000","0.000000","559.000000","0.000000","=""True""","True","","Active","Active","Agreement","",""
"124","3","=""WFMSP EDR-Sentinel One""","Endpoint Detection & Response (Sentinel One)","Managed Services","Managed Services","Knowles Door Check Co. Inc.","09/01/2022 12:00 am","09/01/2022 12:00 am","","Monthly","09/01/2022 12:00 am","","03/01/2023 12:00 am","14.00","0.00","14.00","5.500000","0.000000","77.000000","0.000000","=""True""","True","","Active","Active","Agreement","",""
"106","1","=""WF Monthly Maintenance""","Web Fire Remote Server/Desktop/Backup Management - Server Mgmt/Backup 150 GB (Monthly Billing) Proactive Monitoring (8) Desktops/(1) Server: - Advanced Performance Monitoring - Scheduled Preventative Maintenance - License & Asset Management - Patch Management - Sonicwall Firewall Monitoring/Reporting - Managed Remote Backups 150 GB","Managed Services","Managed Services","Gary Crouch, CPA","09/01/2022 12:00 am","09/01/2022 12:00 am","","Monthly","09/01/2022 12:00 am","","03/01/2023 12:00 am","1.00","0.00","1.00","399.000000","0.000000","399.000000","0.000000","=""True""","True","","Active","Active","Agreement","",""
"107","2","=""WF Hosted Email""","Web Fire Hosted Email - 10U","Managed Services","Managed Services","Gary Crouch, CPA","09/01/2022 12:00 am","09/01/2022 12:00 am","","Monthly","09/01/2022 12:00 am","","03/01/2023 12:00 am","1.00","0.00","1.00","20.000000","0.000000","20.000000","0.000000","=""True""","True","","Active","Active","Agreement","",""
"108","3","=""WFMSP EDR-Sentinel One""","WF Endpoint Detection & Recovery Protection","Managed Services","Managed Services","Gary Crouch, CPA","09/01/2022 12:00 am","09/01/2022 12:00 am","","Monthly","09/01/2022 12:00 am","","03/01/2023 12:00 am","2.00","0.00","2.00","6.990000","0.000000","13.980000","0.000000","=""True""","True","","Active","Active","Agreement","",""
"100","1","=""WFMSP Offsite Backup""","Offsite Backup - 6TB + Mgmt","Managed Services","Managed Services ","Gant, McGee & Baber, PC","09/01/2022 12:00 am","09/01/2022 12:00 am","","Monthly","09/01/2022 12:00 am","","03/01/2023 12:00 am","1.00","0.00","1.00","135.000000","0.000000","135.000000","0.000000","=""True""","True","","Active","Active","Agreement","",""
"130","2","=""WFMSP EDR-Sentinel One""","Endpoint Detection & Response (Sentinel One) *Included with Quote 8417 - Management PC","Managed Services","Managed Services ","Gant, McGee & Baber, PC","09/01/2022 12:00 am","09/01/2022 12:00 am","","Monthly","09/01/2022 12:00 am","","03/01/2023 12:00 am","1.00","0.00","1.00","0.000000","0.000000","0.000000","0.000000","=""True""","True","","Active","Active","Agreement","",""
"200","3","=""WFMSP EDR-Sentinel One""","Endpoint Detection & Response (Sentinel One) *Quote 8620","Managed Services","Managed Services ","Gant, McGee & Baber, PC","09/01/2022 12:00 am","09/01/2022 12:00 am","","Monthly","09/01/2022 12:00 am","","03/01/2023 12:00 am","12.00","0.00","12.00","5.990000","0.000000","71.880000","0.000000","=""True""","True","","Active","Active","Agreement","",""
"300","4","=""MST-OFC-EE3-C100-MON""","Pax8 - Microsoft Office 365 E3 - Monthly","Managed Services","Managed Services ","Clinics of North Texas, LLP CNT","09/01/2022 12:00 am","09/01/2022 12:00 am","","Monthly","02/01/2023 12:00 am","","03/01/2023 12:00 am","261.00","0.00","261.00","20.000000","17.600000","5220.000000","4593.600000","=""True""","True","","Active","Active","Agreement","",""
"301","5","=""MST-EXO-PL1-C100""","Microsoft Exchange Online (Plan 1)","Managed Services","Managed Services ","Clinics of North Texas, LLP CNT","09/01/2022 12:00 am","09/01/2022 12:00 am","","Monthly","02/01/2023 12:00 am","","03/01/2023 12:00 am","14.00","0.00","14.00","4.590000","3.520000","64.260000","49.280000","=""True""","True","","Active","Active","Agreement","",""
"64","1","=""WFMSP O365""","Microsoft Office 365 E3","Managed Services","Managed Services ","Clinics of North Texas, LLP CNT","09/01/2022 12:00 am","09/01/2022 12:00 am","","Monthly","09/01/2022 12:00 am","01/31/2023 12:00 am","03/01/2023 12:00 am","261.00","0.00","261.00","20.000000","0.000000","5220.000000","0.000000","=""True""","True","","Active","Cancelled","Agreement","",""
"217","3","=""WFMSP MS Exchange""","Microsoft Exchange - Plan 1","Managed Services","Managed Services ","Clinics of North Texas, LLP CNT","09/01/2022 12:00 am","09/01/2022 12:00 am","","Monthly","09/01/2022 12:00 am","01/31/2023 12:00 am","03/01/2023 12:00 am","3.00","0.00","3.00","4.590000","3.520000","13.770000","10.560000","=""True""","True","","Active","Cancelled","Agreement","",""
"39","2","=""WFMSP EDR-Sentinel One""","Endpoint Detection & Response (Sentinel One) - Billed Quarterly @ $17.97/Month","Managed Services","Managed Services ","Dr. Larry Rains DDS","09/01/2022 12:00 am","09/01/2022 12:00 am","","Quarterly","09/01/2022 12:00 am","","03/01/2023 12:00 am","1.00","0.00","1.00","53.910000","0.000000","53.910000","0.000000","=""True""","True","","Active","Active","Agreement","",""
"38","1","=""WFMSP Offsite Backup""","Web Fire Offsite Backup Solution - Candy's PC - Billed Quarterly @ $15.99/Month ","Managed Services","Managed Services ","Dr. Larry Rains DDS","09/01/2022 12:00 am","09/01/2022 12:00 am","","Quarterly","09/01/2022 12:00 am","","03/01/2023 12:00 am","1.00","0.00","1.00","47.970000","0.000000","47.970000","0.000000","=""True""","True","","Active","Active","Agreement","",""
"127","2","=""WF Monthly Maintenance""","Monthly Maintenance Contract - Service requests/wiring will be billed against this Contract.","Managed Services","Managed Services ","Clinics of North Texas, LLP CNT","09/01/2022 12:00 am","09/01/2022 12:00 am","","Monthly","09/01/2022 12:00 am","","03/01/2023 12:00 am","1.00","0.00","1.00","900.000000","0.000000","900.000000","0.000000","=""True""","True","","Active","Active","Agreement","",""
"303","4","=""MST-OFC-BPM-C100-MON""","Microsoft 365 Business Standard - Monthly","Managed Services","Managed Services ","White Realty Management Co.","09/01/2022 12:00 am","09/01/2022 12:00 am","","Monthly","02/01/2023 12:00 am","","03/01/2023 12:00 am","1.00","0.00","1.00","12.500000","11.000000","12.500000","11.000000","=""True""","True","","Active","Active","Service","",""
"249","1","=""WFMSP EDR-Sentinel One""","Endpoint Detection & Response (Sentinel One)","Managed Services","Managed Services - EDR","Wichita Falls Ford","11/01/2022 12:00 am","11/01/2022 12:00 am","10/31/2023 12:00 am","Monthly","11/01/2022 12:00 am","","03/01/2023 12:00 am","45.00","0.00","45.00","3.990000","2.500000","179.550000","112.500000","=""True""","True","","Active","Active","Agreement","",""
"120","1","=""WF Monthly Maintenance""","Web Fire Total Network Support Management Contract","Managed Services","Managed Services - Network Contract & EDR","Pierce Sales","09/01/2022 12:00 am","09/01/2022 12:00 am","","Monthly","09/01/2022 12:00 am","","03/01/2023 12:00 am","1.00","0.00","1.00","2950.000000","0.000000","2950.000000","0.000000","=""True""","True","","Active","Active","Agreement","",""
"121","2","=""WFMSP EDR-Sentinel One""","Managed Endpoint Detection & Response (Sentinel One)","Managed Services","Managed Services - Network Contract & EDR","Pierce Sales","09/01/2022 12:00 am","09/01/2022 12:00 am","","Monthly","09/01/2022 12:00 am","","03/01/2023 12:00 am","90.00","0.00","90.00","7.000000","0.000000","630.000000","0.000000","=""True""","True","","Active","Active","Agreement","",""
"192","1","=""WFMSP Offsite Backup""","Offsite Backup","Managed Services","Managed Services - Offsite Backup/Microsoft 365 ","Edgin Parkman Fleming & Fleming, PC","09/01/2022 12:00 am","09/01/2022 12:00 am","","Monthly","09/01/2022 12:00 am","","03/01/2023 12:00 am","1.00","0.00","1.00","59.000000","0.000000","59.000000","0.000000","=""True""","True","","Active","Active","Agreement","",""
"290","4","=""MST-EXO-PL1-C100""","Microsoft Exchange Online (Plan 1)","Managed Services","Managed Services - Offsite Backup/Microsoft 365 ","Edgin Parkman Fleming & Fleming, PC","09/01/2022 12:00 am","09/01/2022 12:00 am","","Monthly","02/01/2023 12:00 am","","03/01/2023 12:00 am","3.00","0.00","3.00","4.790000","3.520000","14.370000","10.560000","=""True""","True","","Active","Active","Agreement","",""
"263","2","=""Microsoft Office 365""","Microsoft Office 365 Business Standard - Per Month Billing","Managed Services","Managed Services - Offsite Backup/Microsoft 365 ","Edgin Parkman Fleming & Fleming, PC","09/01/2022 12:00 am","09/01/2022 12:00 am","","Monthly","12/01/2022 12:00 am","01/31/2023 12:00 am","03/01/2023 12:00 am","7.00","0.00","7.00","12.000000","0.000000","84.000000","0.000000","=""True""","True","","Active","Cancelled","Agreement","",""
"264","3","=""Microsoft Office 365""","Microsoft Exchange Online (Plan 1) - Per Month Billing","Managed Services","Managed Services - Offsite Backup/Microsoft 365 ","Edgin Parkman Fleming & Fleming, PC","09/01/2022 12:00 am","09/01/2022 12:00 am","","Monthly","12/01/2022 12:00 am","01/31/2023 12:00 am","03/01/2023 12:00 am","4.00","0.00","4.00","4.790000","0.000000","19.160000","0.000000","=""True""","True","","Active","Cancelled","Agreement","",""
"291","5","=""MST-OFC-BPM-C100-MON""","Microsoft 365 Business Standard - Monthly","Managed Services","Managed Services - Offsite Backup/Microsoft 365 ","Edgin Parkman Fleming & Fleming, PC","09/01/2022 12:00 am","09/01/2022 12:00 am","","Monthly","02/01/2023 12:00 am","","03/01/2023 12:00 am","8.00","0.00","8.00","12.000000","11.000000","96.000000","88.000000","=""True""","True","","Active","Active","Service","",""
"41","2","=""WF Monthly Maintenance""","Web Fire Hosted Server Solution - Server/Backup  Billed per Quote 6976","Managed Services","Managed Services - Quote 6976 & 8299","Dr. Ved Ganeshram","09/01/2022 12:00 am","09/01/2022 12:00 am","","Monthly","09/01/2022 12:00 am","","03/01/2023 12:00 am","1.00","0.00","1.00","199.000000","0.000000","199.000000","0.000000","=""True""","True","","Active","Active","Agreement","",""
"305","3","=""MST-OFC-BUS-C100-MON""","Pax8 - Microsoft 365 Apps for business - Monthly","Managed Services","Managed Services - Quote 6976 & 8299","Dr. Ved Ganeshram","09/01/2022 12:00 am","09/01/2022 12:00 am","","Monthly","02/01/2023 12:00 am","","03/01/2023 12:00 am","10.00","0.00","10.00","8.590000","7.300000","85.900000","73.000000","=""True""","True","","Active","Active","Agreement","",""
"40","1","=""WFMSP O365""","Microsoft 365 Apps for Business - Quote 8299 ","Managed Services","Managed Services - Quote 6976 & 8299","Dr. Ved Ganeshram","09/01/2022 12:00 am","09/01/2022 12:00 am","","Monthly","09/01/2022 12:00 am","01/31/2023 12:00 am","03/01/2023 12:00 am","10.00","0.00","10.00","8.590000","0.000000","85.900000","0.000000","=""True""","True","","Active","Cancelled","Agreement","",""
"81","3","=""WF Managed Access Control""","Hosted Access Control (per door)","Managed Services","Managed Services - Quote 7600","Fade It","09/01/2022 12:00 am","09/01/2022 12:00 am","02/15/2026 12:00 am","Monthly","09/01/2022 12:00 am","","03/01/2023 12:00 am","1.00","0.00","1.00","20.000000","0.000000","20.000000","0.000000","=""True""","True","","Active","Active","Agreement","",""
"79","1","=""WF Managed Network""","Manged Network Equipment (Switch and Commercial Router)","Managed Services","Managed Services - Quote 7600","Fade It","09/01/2022 12:00 am","09/01/2022 12:00 am","02/15/2026 12:00 am","Monthly","09/01/2022 12:00 am","","03/01/2023 12:00 am","1.00","0.00","1.00","10.000000","0.000000","10.000000","0.000000","=""True""","True","","Active","Active","Agreement","",""
"80","2","=""WF Managed Video Surveillance""","Managed Video Surveillance ","Managed Services","Managed Services - Quote 7600","Fade It","09/01/2022 12:00 am","09/01/2022 12:00 am","02/15/2026 12:00 am","Monthly","09/01/2022 12:00 am","","03/01/2023 12:00 am","4.00","0.00","4.00","25.000000","0.000000","100.000000","0.000000","=""True""","True","","Active","Active","Agreement","",""
"183","1","=""WFMSP Cove Backup-Workstation""","Web Fire Remote Cloud Based Backup Solution - 3TB ","Managed Services","Managed Services - Quote 7774","YMCA - Bill Bartley Branch","09/01/2022 12:00 am","09/01/2022 12:00 am","","Monthly","09/01/2022 12:00 am","","03/01/2023 12:00 am","1.00","0.00","1.00","159.000000","0.000000","159.000000","0.000000","=""True""","True","","Active","Active","Agreement","",""
"184","2","=""WF Monthly Maintenance""","Web Fire Remote Server Management Program - Server","Managed Services","Managed Services - Quote 7774","YMCA - Bill Bartley Branch","09/01/2022 12:00 am","09/01/2022 12:00 am","","Monthly","09/01/2022 12:00 am","","03/01/2023 12:00 am","1.00","0.00","1.00","199.000000","0.000000","199.000000","0.000000","=""True""","True","","Active","Active","Agreement","",""
"90","1","=""WF Monthly Maintenance""","Web Fire Remote Server/Desktop Management (8) Desktops/(1) Server","Managed Services","Managed Services - Quote 7775 & 8521","Larry's Marine Center","09/01/2022 12:00 am","09/01/2022 12:00 am","","Monthly","09/01/2022 12:00 am","","03/01/2023 12:00 am","1.00","0.00","1.00","299.000000","0.000000","299.000000","0.000000","=""True""","True","","Active","Active","Agreement","",""
"91","2","=""WFMSP Cove Backup-Workstation""","Web Fire Remote Cloud Backup Solution - 500GB ","Managed Services","Managed Services - Quote 7775 & 8521","Larry's Marine Center","09/01/2022 12:00 am","09/01/2022 12:00 am","","Monthly","09/01/2022 12:00 am","","03/01/2023 12:00 am","1.00","0.00","1.00","99.000000","0.000000","99.000000","0.000000","=""True""","True","","Active","Active","Agreement","",""
"92","3","=""WFMSP Managed AV (BitDefender)""","N-Able RMM Managed Anti-Virus (BitDefender) - Cloud based Mgmt","Managed Services","Managed Services - Quote 7775 & 8521","Larry's Marine Center","09/01/2022 12:00 am","09/01/2022 12:00 am","","Monthly","09/01/2022 12:00 am","","03/01/2023 12:00 am","8.00","0.00","8.00","2.500000","0.000000","20.000000","0.000000","=""True""","True","","Active","Active","Agreement","",""
"54","2","=""WFMSP RMM Server""","Remote Monitoring and Management ~ Server","Managed Services","Managed Services - Quote 7988","Bowles Construction","09/01/2022 12:00 am","09/01/2022 12:00 am","","Monthly","09/01/2022 12:00 am","","03/01/2023 12:00 am","1.00","0.00","1.00","175.000000","0.000000","175.000000","0.000000","=""True""","True","","Active","Active","Agreement","",""
"55","3","=""WFMSP RMM Workstation""","Remote Monitoring and Management ~ Workstation","Managed Services","Managed Services - Quote 7988","Bowles Construction","09/01/2022 12:00 am","09/01/2022 12:00 am","","Monthly","09/01/2022 12:00 am","","03/01/2023 12:00 am","5.00","0.00","5.00","25.000000","0.000000","125.000000","0.000000","=""True""","True","","Active","Active","Agreement","",""
"56","4","=""WFMSP Cove Backup-Workstation""","Web Fire Cloud Based Backup - Server 1 TB ","Managed Services","Managed Services - Quote 7988","Bowles Construction","09/01/2022 12:00 am","09/01/2022 12:00 am","","Monthly","09/01/2022 12:00 am","","03/01/2023 12:00 am","1.00","0.00","1.00","0.000000","0.000000","0.000000","0.000000","=""True""","True","","Active","Active","Agreement","",""
"209","5","=""MST-OFC-BUS-C100-MON""","Pax8 - Microsoft 365 Apps for business - Monthly","Managed Services","Managed Services - Quote 7988","Bowles Construction","09/01/2022 12:00 am","09/01/2022 12:00 am","","Monthly","09/01/2022 12:00 am","","03/01/2023 12:00 am","5.00","0.00","5.00","8.590000","7.300000","42.950000","36.500000","=""True""","True","","Active","Active","Agreement","",""
"30","3","=""WFMSP Sonicwall""","SonicWall Firewall with Comprehensive Gateway Security, 2x SSLVPN Licenses","Managed Services","Managed Services - Quote 7998","Eddie Hill's Fun Cycles","09/01/2022 12:00 am","09/01/2022 12:00 am","","Monthly","09/01/2022 12:00 am","","03/01/2023 12:00 am","1.00","0.00","1.00","99.000000","0.000000","99.000000","0.000000","=""True""","True","","Active","Active","Agreement","",""
"31","4","=""WFMSP EDR-Sentinel One""","Endpoint Detection & Response (Advanced Anti-Virus)","Managed Services","Managed Services - Quote 7998","Eddie Hill's Fun Cycles","09/01/2022 12:00 am","09/01/2022 12:00 am","","Monthly","09/01/2022 12:00 am","","03/01/2023 12:00 am","21.00","0.00","21.00","7.000000","0.000000","147.000000","0.000000","=""True""","True","","Active","Active","Agreement","",""
"34","5","=""WFMSP Dark Web Scan""","WFMSP Dark Web Scanning (Eddiehillsfuncycles.com plus up to 10 personal emails)","Managed Services","Managed Services - Quote 7998","Eddie Hill's Fun Cycles","09/01/2022 12:00 am","09/01/2022 12:00 am","","Monthly","09/01/2022 12:00 am","","03/01/2023 12:00 am","1.00","0.00","1.00","25.000000","0.000000","25.000000","0.000000","=""True""","True","","Active","Active","Agreement","",""
"35","6","=""WFMSP Bullphish""","WFMSP Staff Phishing Education Campaigns (Quarterly, billed monthly)","Managed Services","Managed Services - Quote 7998","Eddie Hill's Fun Cycles","09/01/2022 12:00 am","09/01/2022 12:00 am","","Monthly","09/01/2022 12:00 am","","03/01/2023 12:00 am","1.00","0.00","1.00","25.000000","0.000000","25.000000","0.000000","=""True""","True","","Active","Active","Agreement","",""
"36","7","=""WF Hosted Email""","Web Fire Hosted Email","Managed Services","Managed Services - Quote 7998","Eddie Hill's Fun Cycles","09/01/2022 12:00 am","09/01/2022 12:00 am","","Monthly","09/01/2022 12:00 am","","03/01/2023 12:00 am","10.00","0.00","10.00","2.000000","0.000000","20.000000","0.000000","=""True""","True","","Active","Active","Agreement","",""
"28","1","=""WFMSP RMM Workstation""","Remote Monitoring and Management ~ Workstation (FULLY MANAGED)**","Managed Services","Managed Services - Quote 7998","Eddie Hill's Fun Cycles","09/01/2022 12:00 am","09/01/2022 12:00 am","","Monthly","09/01/2022 12:00 am","","03/01/2023 12:00 am","14.00","0.00","14.00","40.000000","0.000000","560.000000","0.000000","=""True""","True","","Active","Active","Agreement","",""
"29","2","=""WFMSP RMM Workstation""","Remote Monitoring and Management ~ Workstation (Co-Managed)","Managed Services","Managed Services - Quote 7998","Eddie Hill's Fun Cycles","09/01/2022 12:00 am","09/01/2022 12:00 am","","Monthly","09/01/2022 12:00 am","","03/01/2023 12:00 am","1.00","0.00","1.00","25.000000","0.000000","25.000000","0.000000","=""True""","True","","Active","Active","Agreement","",""
"110","1","=""WFMSP RMM Server""","Remote Monitoring and Management ~ Server","Managed Services","Managed Services - Quote 8045","Wichita Falls Manufacturing & Machine","09/01/2022 12:00 am","09/01/2022 12:00 am","","Monthly","09/01/2022 12:00 am","","03/01/2023 12:00 am","1.00","0.00","1.00","100.000000","0.000000","100.000000","0.000000","=""True""","True","","Active","Active","Agreement","",""
"111","2","=""WFMSP RMM Workstation""","Remote Monitoring and Management ~ Workstation","Managed Services","Managed Services - Quote 8045","Wichita Falls Manufacturing & Machine","09/01/2022 12:00 am","09/01/2022 12:00 am","","Monthly","09/01/2022 12:00 am","","03/01/2023 12:00 am","10.00","0.00","10.00","25.000000","0.000000","250.000000","0.000000","=""True""","True","","Active","Active","Agreement","",""
"112","3","=""WFMSP Cove Backup-Workstation""","Web Fire Cloud Based Backup - Server 500GB ","Managed Services","Managed Services - Quote 8045","Wichita Falls Manufacturing & Machine","09/01/2022 12:00 am","09/01/2022 12:00 am","","Monthly","09/01/2022 12:00 am","","03/01/2023 12:00 am","1.00","0.00","1.00","50.000000","0.000000","50.000000","0.000000","=""True""","True","","Active","Active","Agreement","",""
"113","5","=""WF Hosted Email""","Web Fire Hosted Email - 20 pack - Monthly Billing - Billed per Quote 6059","Managed Services","Managed Services - Quote 8045","Wichita Falls Manufacturing & Machine","09/01/2022 12:00 am","09/01/2022 12:00 am","","Monthly","09/01/2022 12:00 am","","03/01/2023 12:00 am","1.00","0.00","1.00","45.000000","0.000000","45.000000","0.000000","=""True""","True","","Active","Active","Agreement","",""
"114","4","=""WFMSP EDR-Sentinel One""","SolarWinds Endpoint Detection & Response (Sentinel One)","Managed Services","Managed Services - Quote 8045","Wichita Falls Manufacturing & Machine","09/01/2022 12:00 am","09/01/2022 12:00 am","","Monthly","09/01/2022 12:00 am","","03/01/2023 12:00 am","11.00","0.00","11.00","6.000000","0.000000","66.000000","0.000000","=""True""","True","","Active","Active","Agreement","",""
"86","3","=""WFMSP EDR-Sentinel One""","Endpoint Detection & Response (Advanced Antivirus)","Managed Services","Managed Services - Quote 8240","Quatro Oil & Gas, Inc.","09/01/2022 12:00 am","09/01/2022 12:00 am","","Monthly","09/01/2022 12:00 am","","03/01/2023 12:00 am","6.00","0.00","6.00","10.000000","0.000000","60.000000","0.000000","=""True""","True","","Active","Active","Agreement","",""
"88","5","=""WFMSP Offsite Backup""","Offsite Backup (Unlimited)","Managed Services","Managed Services - Quote 8240","Quatro Oil & Gas, Inc.","09/01/2022 12:00 am","09/01/2022 12:00 am","","Monthly","09/01/2022 12:00 am","","03/01/2023 12:00 am","5.00","0.00","5.00","20.000000","0.000000","100.000000","0.000000","=""True""","True","","Active","Active","Agreement","",""
"87","4","=""WFMSP O365""","Microsoft Office 365 Business Standard","Managed Services","Managed Services - Quote 8240","Quatro Oil & Gas, Inc.","09/01/2022 12:00 am","09/01/2022 12:00 am","","Monthly","09/01/2022 12:00 am","01/31/2023 12:00 am","03/01/2023 12:00 am","6.00","0.00","6.00","12.500000","0.000000","75.000000","0.000000","=""True""","True","","Active","Cancelled","Agreement","",""
"84","1","=""WFMSP Sonicwall""","Sonicwall ","Managed Services","Managed Services - Quote 8240","Quatro Oil & Gas, Inc.","09/01/2022 12:00 am","09/01/2022 12:00 am","","Monthly","09/01/2022 12:00 am","","03/01/2023 12:00 am","1.00","0.00","1.00","99.000000","0.000000","99.000000","0.000000","=""True""","True","","Active","Active","Agreement","",""
"85","2","=""WFMSP RMM Workstation""","Remote Monitoring and Management ~ Workstation (FULLY MANAGED)","Managed Services","Managed Services - Quote 8240","Quatro Oil & Gas, Inc.","09/01/2022 12:00 am","09/01/2022 12:00 am","","Monthly","09/01/2022 12:00 am","","03/01/2023 12:00 am","6.00","0.00","6.00","50.000000","0.000000","300.000000","0.000000","=""True""","True","","Active","Active","Agreement","",""
"306","6","=""MST-OFC-BPM-C100-MON""","Microsoft 365 Business Standard - Monthly","Managed Services","Managed Services - Quote 8240","Quatro Oil & Gas, Inc.","09/01/2022 12:00 am","09/01/2022 12:00 am","","Monthly","02/01/2023 12:00 am","","03/01/2023 12:00 am","6.00","0.00","6.00","12.500000","11.000000","75.000000","66.000000","=""True""","True","","Active","Active","Service","",""
"134","1","=""WFMSP O365""","Microsoft 365 Apps for Business *Billed annually - 12 months @ $8.59 each","Managed Services","Managed Services - Quote 8350","Mark Wells Health & Life Insurance","09/01/2022 12:00 am","09/01/2022 12:00 am","","Annual","09/01/2022 12:00 am","","","1.00","0.00","1.00","103.080000","0.000000","103.080000","0.000000","=""True""","True","","Active","Active","Agreement","",""
"136","2","=""WFMSP EDR-Sentinel One""","Endpoint Detection & Response (Sentinel One) *Billed annually - 12 months @ $5.99 each","Managed Services","Managed Services - Quote 8350","Mark Wells Health & Life Insurance","09/01/2022 12:00 am","09/01/2022 12:00 am","","Annual","09/01/2022 12:00 am","","","1.00","0.00","1.00","71.880000","0.000000","71.880000","0.000000","=""True""","True","","Active","Active","Agreement","",""
"104","2","=""WFMSP MDR""","Managed Detection and Response (Huntress)","Managed Services","Managed Services - Quote 8429","Pain Rehab Group of Wichita Falls","09/01/2022 12:00 am","09/01/2022 12:00 am","","Monthly","09/01/2022 12:00 am","","03/01/2023 12:00 am","4.00","0.00","4.00","3.790000","0.000000","15.160000","0.000000","=""True""","True","","Active","Active","Agreement","",""
"199","3","=""WFMSP Cove Backup-Workstation""","Cloud Backup + Mgmt - 6TB ","Managed Services","Managed Services - Quote 8429","Pain Rehab Group of Wichita Falls","09/01/2022 12:00 am","09/01/2022 12:00 am","","Monthly","09/01/2022 12:00 am","","03/01/2023 12:00 am","1.00","0.00","1.00","200.000000","0.000000","200.000000","0.000000","=""True""","True","","Active","Active","Agreement","",""
"103","1","=""WFMSP RMM Server""","Remote Monitoring and Management ~ Server (4 - Virtual Servers) (Fully Managed)","Managed Services","Managed Services - Quote 8429","Pain Rehab Group of Wichita Falls","09/01/2022 12:00 am","09/01/2022 12:00 am","","Monthly","09/01/2022 12:00 am","","03/01/2023 12:00 am","4.00","0.00","4.00","100.000000","0.000000","400.000000","0.000000","=""True""","True","","Active","Active","Agreement","",""
"59","1","=""WFMSP RMM Workstation""","Remote Monitoring and Management ~ Workstation","Managed Services","Managed Services - Quote 8505","Canton Ford","09/01/2022 12:00 am","09/01/2022 12:00 am","","Monthly","09/01/2022 12:00 am","","03/01/2023 12:00 am","16.00","0.00","16.00","55.000000","0.000000","880.000000","0.000000","=""True""","True","","Active","Active","Agreement","",""
"60","2","=""WFMSP EDR-Sentinel One""","Endpoint Detection & Response (Sentinel One)","Managed Services","Managed Services - Quote 8505","Canton Ford","09/01/2022 12:00 am","09/01/2022 12:00 am","","Monthly","09/01/2022 12:00 am","","03/01/2023 12:00 am","16.00","0.00","16.00","6.000000","0.000000","96.000000","0.000000","=""True""","True","","Active","Active","Agreement","",""
"62","3","=""WFMSP MDR""","Managed Detection and Response (Huntress)","Managed Services","Managed Services - Quote 8505","Canton Ford","09/01/2022 12:00 am","09/01/2022 12:00 am","","Monthly","09/01/2022 12:00 am","","03/01/2023 12:00 am","16.00","0.00","16.00","3.790000","0.000000","60.640000","0.000000","=""True""","True","","Active","Active","Agreement","",""
"185","1","=""WFMSP RMM Workstation""","Remote Monitoring and Management ~ Desktop (Fully Managed)","Managed Services","Managed Services - RMM, EDR, 365, Back-up","Landmark Title","09/01/2022 12:00 am","09/01/2022 12:00 am","","Monthly","09/01/2022 12:00 am","","03/01/2023 12:00 am","2.00","0.00","2.00","50.000000","0.000000","100.000000","0.000000","=""True""","True","","Active","Active","Agreement","",""
"186","2","=""WFMSP RMM Server""","Remote Monitoring and Management ~ Server (Fully Managed)","Managed Services","Managed Services - RMM, EDR, 365, Back-up","Landmark Title","09/01/2022 12:00 am","09/01/2022 12:00 am","","Monthly","09/01/2022 12:00 am","","03/01/2023 12:00 am","1.00","0.00","1.00","250.000000","0.000000","250.000000","0.000000","=""True""","True","","Active","Active","Agreement","",""
"187","3","=""WFMSP Cove Backup-Workstation""","Offsite Cloud Based Desktop Backup - Jody ","Managed Services","Managed Services - RMM, EDR, 365, Back-up","Landmark Title","09/01/2022 12:00 am","09/01/2022 12:00 am","","Monthly","09/01/2022 12:00 am","","03/01/2023 12:00 am","1.00","0.00","1.00","20.000000","0.000000","20.000000","0.000000","=""True""","True","","Active","Active","Agreement","",""
"188","4","=""WFMSP EDR-Sentinel One""","Endpoint Detection & Response (Sentinel One)","Managed Services","Managed Services - RMM, EDR, 365, Back-up","Landmark Title","09/01/2022 12:00 am","09/01/2022 12:00 am","","Monthly","09/01/2022 12:00 am","","03/01/2023 12:00 am","13.00","0.00","13.00","7.000000","0.000000","91.000000","0.000000","=""True""","True","","Active","Active","Agreement","",""
"189","5","=""WFMSP RMM Workstation""","Remote Monitoring and Management ~ Workstation","Managed Services","Managed Services - RMM, EDR, 365, Back-up","Landmark Title","09/01/2022 12:00 am","09/01/2022 12:00 am","","Monthly","09/01/2022 12:00 am","","03/01/2023 12:00 am","8.00","0.00","8.00","25.000000","0.000000","200.000000","0.000000","=""True""","True","","Active","Active","Agreement","",""
"190","6","=""WFMSP O365""","Microsoft 365 Apps for Business ","Managed Services","Managed Services - RMM, EDR, 365, Back-up","Landmark Title","09/01/2022 12:00 am","09/01/2022 12:00 am","","Monthly","09/01/2022 12:00 am","","03/01/2023 12:00 am","1.00","0.00","1.00","8.590000","0.000000","8.590000","0.000000","=""True""","True","","Active","Active","Agreement","",""
"74","2","=""WFMSP RMM Workstation""","Remote Monitoring and Management ~ Workstation","Managed Services","Managed Services - RMM, EDR, 365, Backups","Dean Dale SUD","09/01/2022 12:00 am","09/01/2022 12:00 am","","Monthly","09/01/2022 12:00 am","","03/01/2023 12:00 am","3.00","0.00","3.00","25.000000","0.000000","75.000000","0.000000","=""True""","True","","Active","Active","Agreement","",""
"75","3","=""WFMSP Cove Backup-Workstation""","Cloud Backup - Desktop 500GB ","Managed Services","Managed Services - RMM, EDR, 365, Backups","Dean Dale SUD","09/01/2022 12:00 am","09/01/2022 12:00 am","","Monthly","09/01/2022 12:00 am","","03/01/2023 12:00 am","3.00","0.00","3.00","20.000000","0.000000","60.000000","0.000000","=""True""","True","","Active","Active","Agreement","",""
"76","4","=""WFMSP O365""","Microsoft Office 365 Apps backup for Business","Managed Services","Managed Services - RMM, EDR, 365, Backups","Dean Dale SUD","09/01/2022 12:00 am","09/01/2022 12:00 am","","Monthly","09/01/2022 12:00 am","","03/01/2023 12:00 am","3.00","0.00","3.00","2.500000","0.000000","7.500000","0.000000","=""True""","True","","Active","Active","Agreement","",""
"77","5","=""WFMSP EDR-Sentinel One""","SolarWinds Endpoint Detection & Response (Sentinel One)","Managed Services","Managed Services - RMM, EDR, 365, Backups","Dean Dale SUD","09/01/2022 12:00 am","09/01/2022 12:00 am","","Monthly","09/01/2022 12:00 am","","03/01/2023 12:00 am","3.00","0.00","3.00","7.000000","0.000000","21.000000","0.000000","=""True""","True","","Active","Active","Agreement","",""
"196","6","=""MST-OFC-BPM-C100-MON""","Microsoft 365 Business Standard - Monthly","Managed Services","Managed Services - RMM, EDR, 365, Backups","Dean Dale SUD","09/01/2022 12:00 am","09/01/2022 12:00 am","","Monthly","09/01/2022 12:00 am","","03/01/2023 12:00 am","3.00","0.00","3.00","12.500000","11.000000","37.500000","33.000000","=""True""","True","","Active","Active","Service","",""
"46","1","=""WFMSP RMM""","Remote Monitoring and Management - NAS Appliance","Managed Services","Managed Services - RMM, EDR, 365, Offsite Backup","Bestcare Health Services, Inc","09/01/2022 12:00 am","09/01/2022 12:00 am","","Monthly","09/01/2022 12:00 am","","03/01/2023 12:00 am","1.00","0.00","1.00","75.000000","0.000000","75.000000","0.000000","=""True""","True","","Active","Active","Agreement","",""
"256","7","=""MST-NCE-103-C100""","Microsoft 365 Business Premium NCE","Managed Services","Managed Services - RMM, EDR, 365, Offsite Backup","Bestcare Health Services, Inc","09/01/2022 12:00 am","09/01/2022 12:00 am","","Monthly","12/01/2022 12:00 am","11/10/2023 12:00 am","03/01/2023 12:00 am","1.00","0.00","1.00","26.400000","23.230000","26.400000","23.230000","=""True""","True","","Active","Active","Agreement","",""
"47","2","=""WFMSP RMM Workstation""","Remote Monitoring and Management ~ Workstation","Managed Services","Managed Services - RMM, EDR, 365, Offsite Backup","Bestcare Health Services, Inc","09/01/2022 12:00 am","09/01/2022 12:00 am","","Monthly","09/01/2022 12:00 am","","03/01/2023 12:00 am","5.00","0.00","5.00","35.000000","0.000000","175.000000","0.000000","=""True""","True","","Active","Active","Agreement","",""
"48","3","=""WFMSP RMM Workstation""","Remote Monitoring and Management - Laptop","Managed Services","Managed Services - RMM, EDR, 365, Offsite Backup","Bestcare Health Services, Inc","09/01/2022 12:00 am","09/01/2022 12:00 am","","Monthly","09/01/2022 12:00 am","","03/01/2023 12:00 am","8.00","0.00","8.00","35.000000","2.990000","280.000000","23.920000","=""True""","True","","Active","Active","Agreement","",""
"49","4","=""WFMSP Offsite Backup""","Offsite Backup - 2TB","Managed Services","Managed Services - RMM, EDR, 365, Offsite Backup","Bestcare Health Services, Inc","09/01/2022 12:00 am","09/01/2022 12:00 am","","Monthly","09/01/2022 12:00 am","","03/01/2023 12:00 am","1.00","0.00","1.00","80.000000","0.000000","80.000000","0.000000","=""True""","True","","Active","Active","Agreement","",""
"50","5","=""WFMSP EDR-Sentinel One""","Endpoint Detection & Response (Sentinel One)","Managed Services","Managed Services - RMM, EDR, 365, Offsite Backup","Bestcare Health Services, Inc","09/01/2022 12:00 am","09/01/2022 12:00 am","","Monthly","09/01/2022 12:00 am","","03/01/2023 12:00 am","13.00","0.00","13.00","7.000000","0.000000","91.000000","0.000000","=""True""","True","","Active","Active","Agreement","",""
"299","8","=""MST-OFC-BPM-C100""","Microsoft 365 Business Standard","Managed Services","Managed Services - RMM, EDR, 365, Offsite Backup","Bestcare Health Services, Inc","09/01/2022 12:00 am","09/01/2022 12:00 am","","Monthly","02/01/2023 12:00 am","","03/01/2023 12:00 am","5.00","0.00","5.00","14.290000","11.000000","71.450000","55.000000","=""True""","True","","Active","Active","Agreement","",""
"51","6","=""WFMSP O365""","Microsoft 365 Business Standard ","Managed Services","Managed Services - RMM, EDR, 365, Offsite Backup","Bestcare Health Services, Inc","09/01/2022 12:00 am","09/01/2022 12:00 am","","Monthly","09/01/2022 12:00 am","01/31/2023 12:00 am","03/01/2023 12:00 am","13.00","0.00","13.00","14.290000","0.000000","185.770000","0.000000","=""True""","True","","Active","Cancelled","Agreement","",""
"97","1","=""WFMSP RMM Workstation""","Remote Monitoring and Management ~ Workstation","Managed Services","Managed Services - RMM, EDR, Back-ups","Foundations of Texoma","09/01/2022 12:00 am","09/01/2022 12:00 am","","Monthly","09/01/2022 12:00 am","","03/01/2023 12:00 am","3.00","0.00","3.00","50.000000","2.990000","150.000000","8.970000","=""True""","True","","Active","Active","Agreement","",""
"98","2","=""WFMSP EDR-Sentinel One""","Endpoint Detection & Response (Sentinel One)","Managed Services","Managed Services - RMM, EDR, Back-ups","Foundations of Texoma","09/01/2022 12:00 am","09/01/2022 12:00 am","","Monthly","09/01/2022 12:00 am","","03/01/2023 12:00 am","3.00","0.00","3.00","6.000000","0.000000","18.000000","0.000000","=""True""","True","","Active","Active","Agreement","",""
"99","3","=""WFMSP Offsite Backup""","Offsite Backup","Managed Services","Managed Services - RMM, EDR, Back-ups","Foundations of Texoma","09/01/2022 12:00 am","09/01/2022 12:00 am","","Monthly","09/01/2022 12:00 am","","03/01/2023 12:00 am","1.00","0.00","1.00","30.000000","0.000000","30.000000","0.000000","=""True""","True","","Active","Active","Agreement","",""
"9","1","=""WFMSP RMM Server""","Remote Monitoring and Management ~ Server","Managed Services","Managed Services - RMM, EDR, MDR, 365","Barnard Insurance Agency, LLP","09/01/2022 12:00 am","09/01/2022 12:00 am","","Monthly","09/01/2022 12:00 am","","03/01/2023 12:00 am","1.00","0.00","1.00","100.000000","0.000000","100.000000","0.000000","=""True""","True","","Active","Active","Agreement","",""
"10","2","=""WFMSP RMM Workstation""","Remote Monitoring and Management ~ Workstation","Managed Services","Managed Services - RMM, EDR, MDR, 365","Barnard Insurance Agency, LLP","09/01/2022 12:00 am","09/01/2022 12:00 am","","Monthly","09/01/2022 12:00 am","","03/01/2023 12:00 am","15.00","0.00","15.00","30.000000","0.000000","450.000000","0.000000","=""True""","True","","Active","Active","Agreement","",""
"11","3","=""WFMSP EDR-Sentinel One""","Endpoint Detection & Response (Sentinel One)","Managed Services","Managed Services - RMM, EDR, MDR, 365","Barnard Insurance Agency, LLP","09/01/2022 12:00 am","09/01/2022 12:00 am","","Monthly","09/01/2022 12:00 am","","03/01/2023 12:00 am","16.00","0.00","16.00","5.500000","0.000000","88.000000","0.000000","=""True""","True","","Active","Active","Agreement","",""
"12","4","=""WFMSP MDR""","Managed Detection and Response (Huntress)","Managed Services","Managed Services - RMM, EDR, MDR, 365","Barnard Insurance Agency, LLP","09/01/2022 12:00 am","09/01/2022 12:00 am","","Monthly","09/01/2022 12:00 am","","03/01/2023 12:00 am","15.00","0.00","15.00","4.000000","0.000000","60.000000","0.000000","=""True""","True","","Active","Active","Agreement","",""
"13","5","=""WFMSP Bullphish""","WFMSP Staff Phishing Education Campaigns (Quarterly, billed monthly)","Managed Services","Managed Services - RMM, EDR, MDR, 365","Barnard Insurance Agency, LLP","09/01/2022 12:00 am","09/01/2022 12:00 am","","Monthly","09/01/2022 12:00 am","","03/01/2023 12:00 am","1.00","0.00","1.00","75.000000","0.000000","75.000000","0.000000","=""True""","True","","Active","Active","Agreement","",""
"14","6","=""WFMSP Dark Web Scan""","WFMSP Dark Web Scanning","Managed Services","Managed Services - RMM, EDR, MDR, 365","Barnard Insurance Agency, LLP","09/01/2022 12:00 am","09/01/2022 12:00 am","","Monthly","09/01/2022 12:00 am","","03/01/2023 12:00 am","1.00","0.00","1.00","25.000000","0.000000","25.000000","0.000000","=""True""","True","","Active","Active","Agreement","",""
"229","9","=""MST-NCE-100-C100""","Microsoft 365 Apps for Business (NCE)","Managed Services","Managed Services - RMM, EDR, MDR, 365","Barnard Insurance Agency, LLP","09/01/2022 12:00 am","09/01/2022 12:00 am","","Monthly","10/01/2022 12:00 am","","03/01/2023 12:00 am","12.00","0.00","12.00","8.790000","7.300000","105.480000","87.600000","=""True""","True","","Active","Active","Agreement","",""
"15","7","=""WFMSP O365""","Microsoft Office 365 Apps for Business","Managed Services","Managed Services - RMM, EDR, MDR, 365","Barnard Insurance Agency, LLP","09/01/2022 12:00 am","09/01/2022 12:00 am","","Monthly","09/01/2022 12:00 am","09/13/2022 12:00 am","03/01/2023 12:00 am","11.00","0.00","11.00","8.790000","0.000000","96.690000","0.000000","=""False""","True","","Active","Cancelled","Agreement","",""
"237","10","=""MST-NCE-100-C100""","Microsoft 365 Apps for Business (NCE) - Prorated for 09/26/2022-09/30/2022","Managed Services","Managed Services - RMM, EDR, MDR, 365","Barnard Insurance Agency, LLP","09/01/2022 12:00 am","09/01/2022 12:00 am","","Monthly","10/01/2022 12:00 am","10/31/2022 12:00 am","03/01/2023 12:00 am","1.00","0.00","1.00","1.170000","1.170000","1.170000","1.170000","=""True""","True","","Active","Cancelled","Agreement","",""
"17","1","=""WFMSP RMM Workstation""","Remote Monitoring and Management ~ Workstation","Managed Services","Managed Services - RMM/EDR/365/Backup","Agape Church","09/01/2022 12:00 am","09/01/2022 12:00 am","","Monthly","09/01/2022 12:00 am","","03/01/2023 12:00 am","2.00","0.00","2.00","35.000000","0.000000","70.000000","0.000000","=""True""","True","","Active","Active","Agreement","",""
"18","2","=""WFMSP EDR-Sentinel One""","Endpoint Detection & Response (Sentinel One)","Managed Services","Managed Services - RMM/EDR/365/Backup","Agape Church","09/01/2022 12:00 am","09/01/2022 12:00 am","","Monthly","09/01/2022 12:00 am","","03/01/2023 12:00 am","2.00","0.00","2.00","10.000000","0.000000","20.000000","0.000000","=""True""","True","","Active","Active","Agreement","",""
"19","3","=""WFMSP Offsite Backup""","Offsite Backup - 1 TB (Nas Backup)","Managed Services","Managed Services - RMM/EDR/365/Backup","Agape Church","09/01/2022 12:00 am","09/01/2022 12:00 am","","Monthly","09/01/2022 12:00 am","","03/01/2023 12:00 am","1.00","0.00","1.00","50.000000","0.000000","50.000000","0.000000","=""True""","True","","Active","Active","Agreement","",""
"20","4","=""WFMSP RMM""","Remote Monitoring and Management - NAS","Managed Services","Managed Services - RMM/EDR/365/Backup","Agape Church","09/01/2022 12:00 am","09/01/2022 12:00 am","","Monthly","09/01/2022 12:00 am","","03/01/2023 12:00 am","1.00","0.00","1.00","35.000000","0.000000","35.000000","0.000000","=""True""","True","","Active","Active","Agreement","",""
"295","6","=""MST-OFC-BUS-C100-MON""","Pax8 - Microsoft 365 Apps for Business - Monthly","Managed Services","Managed Services - RMM/EDR/365/Backup","Agape Church","09/01/2022 12:00 am","09/01/2022 12:00 am","","Monthly","04/01/2023 12:00 am","","03/01/2023 12:00 am","2.00","0.00","2.00","8.590000","7.300000","17.180000","14.600000","=""True""","True","","Active","Inactive","Agreement","",""
"308","1","=""WFMSP Slvr Wkst""","Silver Package Workstation","Managed Services","Managed Services - Silver Package","J-Systems","02/01/2023 12:00 am","02/01/2023 12:00 am","","Monthly","02/01/2023 12:00 am","","03/01/2023 12:00 am","5.00","0.00","5.00","35.000000","5.530000","175.000000","27.650000","=""True""","True","","Active","Active","Agreement","",""
"309","2","=""WFMSP Slvr Pkg""","Silver Program Monthly","Managed Services","Managed Services - Silver Package","J-Systems","02/01/2023 12:00 am","02/01/2023 12:00 am","","Monthly","02/01/2023 12:00 am","","03/01/2023 12:00 am","1.00","0.00","1.00","50.000000","19.000000","50.000000","19.000000","=""True""","True","","Active","Active","Agreement","",""
"310","3","=""WFMSP O365""","Microsoft 365 Business Premium NCE","Managed Services","Managed Services - Silver Package","J-Systems","02/01/2023 12:00 am","02/01/2023 12:00 am","","Monthly","02/01/2023 12:00 am","","03/01/2023 12:00 am","4.00","0.00","4.00","27.000000","12.500000","108.000000","50.000000","=""True""","True","","Active","Active","Agreement","",""
"44","1","=""WF Monthly Maintenance""","Web Fire Total Network Management Contract (Monthly Billing)","Managed Services","Managed Services per Quote 6695","Wichita Medical Mgmt, LLC - Affordacare","09/01/2022 12:00 am","09/01/2022 12:00 am","","Monthly","09/01/2022 12:00 am","","03/01/2023 12:00 am","1.00","0.00","1.00","459.000000","0.000000","459.000000","0.000000","=""True""","True","","Active","Active","Agreement","",""
"218","6","=""WFMSP Dark Web Scan""","Dark Web Scanning","Managed Services","Managed Services per Quote 8542","Workforce Solutions North Texas Board","09/01/2022 12:00 am","09/01/2023 12:00 am","","Annual","09/01/2023 12:00 am","","09/01/2023 12:00 am","1.00","0.00","1.00","300.000000","0.000000","300.000000","0.000000","=""True""","True","","Active","Inactive","Agreement","",""
"219","4","=""WFMSP Auvik""","Network Reporting and Topology","Managed Services","Managed Services per Quote 8542","Workforce Solutions North Texas Board","09/01/2022 12:00 am","09/01/2023 12:00 am","","Annual","09/01/2023 12:00 am","","09/01/2023 12:00 am","1.00","0.00","1.00","0.000000","0.000000","0.000000","0.000000","=""True""","True","","Active","Inactive","Agreement","",""
"212","1","=""WFMSP RMM Server""","Remote Monitoring and Management ~ Server","Managed Services","Managed Services per Quote 8542","Workforce Solutions North Texas Board","09/01/2022 12:00 am","09/01/2023 12:00 am","","Annual","09/01/2023 12:00 am","","09/01/2023 12:00 am","12.00","0.00","12.00","300.000000","0.000000","3600.000000","0.000000","=""True""","True","","Active","Inactive","Agreement","",""
"213","2","=""WFMSP RMM Workstation""","Remote Monitoring and Management ~ Workstation/Laptops/Switches/AP's/Firewalls/Network Printers","Managed Services","Managed Services per Quote 8542","Workforce Solutions North Texas Board","09/01/2022 12:00 am","09/01/2023 12:00 am","","Annual","09/01/2023 12:00 am","","09/01/2023 12:00 am","218.00","0.00","218.00","120.000000","2.990000","26160.000000","651.820000","=""True""","True","","Active","Inactive","Agreement","",""
"214","3","=""WFMSP MDR""","Managed Detection and Response (Huntress)","Managed Services","Managed Services per Quote 8542","Workforce Solutions North Texas Board","09/01/2022 12:00 am","09/01/2023 12:00 am","","Annual","09/01/2023 12:00 am","","09/01/2023 12:00 am","156.00","0.00","156.00","42.000000","0.000000","6552.000000","0.000000","=""True""","True","","Active","Inactive","Agreement","",""
"215","5","=""WFMSP Bullphish""","WFMSP Staff Phishing Education Campaigns (Key Staff) (Quarterly Campaigns)","Managed Services","Managed Services per Quote 8542","Workforce Solutions North Texas Board","09/01/2022 12:00 am","09/01/2023 12:00 am","","Annual","09/01/2023 12:00 am","","09/01/2023 12:00 am","1.00","0.00","1.00","1200.000000","8.130000","1200.000000","8.130000","=""True""","True","","Active","Inactive","Agreement","",""
"69","1","=""WFMSP RMM Workstation""","Remote Monitoring and Management ~ Workstation","Managed Services","Managed Services/Surveillance - Quote 7794 & 7786","Children's Aid Society of West TX, Inc.","09/01/2022 12:00 am","09/01/2022 12:00 am","","Monthly","09/01/2022 12:00 am","","03/01/2023 12:00 am","12.00","0.00","12.00","25.000000","0.000000","300.000000","0.000000","=""True""","True","","Active","Active","Agreement","",""
"70","2","=""WFMSP EDR-Sentinel One""","Endpoint Detection & Response (EDR) Advanced Virus/Threat Protection","Managed Services","Managed Services/Surveillance - Quote 7794 & 7786","Children's Aid Society of West TX, Inc.","09/01/2022 12:00 am","09/01/2022 12:00 am","","Monthly","09/01/2022 12:00 am","","03/01/2023 12:00 am","12.00","0.00","12.00","5.000000","0.000000","60.000000","0.000000","=""True""","True","","Active","Active","Agreement","",""
"71","3","=""WFMSP Offsite Backup""","Web Fire Remote Backup Solution (up to 500G)","Managed Services","Managed Services/Surveillance - Quote 7794 & 7786","Children's Aid Society of West TX, Inc.","09/01/2022 12:00 am","09/01/2022 12:00 am","","Monthly","09/01/2022 12:00 am","","03/01/2023 12:00 am","1.00","0.00","1.00","59.000000","0.000000","59.000000","0.000000","=""True""","True","","Active","Active","Agreement","",""
"72","4","=""WF Monthly Maintenance""","Quarterly Camera Maintenance (Billed Monthly) - System updates, patches & health check, camera cleaning & adjustments","Managed Services","Managed Services/Surveillance - Quote 7794 & 7786","Children's Aid Society of West TX, Inc.","09/01/2022 12:00 am","09/01/2022 12:00 am","","Monthly","09/01/2022 12:00 am","","03/01/2023 12:00 am","1.00","0.00","1.00","185.000000","0.000000","185.000000","0.000000","=""True""","True","","Active","Active","Agreement","",""
"268","2","=""MST-NCE-190-C100-MON-1YR""","Microsoft 365 E3 [NCE] Licensing - Monthly - 1YR Commit ","Managed Services","Microsoft Office 365 E3 (NCE)","TWG Investments, LTD","11/28/2022 12:00 am","12/15/2022 12:00 am","11/27/2023 12:00 am","Monthly","12/15/2022 12:00 am","01/06/2023 12:00 am","02/01/2023 12:00 am","45.00","0.00","45.00","27.000000","20.240000","1215.000000","910.800000","=""True""","True","","Active","Cancelled","Agreement","",""
"289","2","=""MST-OFC-BPM-C100""","Microsoft 365 Business Standard","Managed Services","Microsoft Office 365 Monthly","RFJ Auto Partners (Vernon Auto Group)","09/01/2022 12:00 am","09/01/2022 12:00 am","","Monthly","02/01/2023 12:00 am","","03/01/2023 12:00 am","100.00","0.00","100.00","14.790000","13.200000","1479.000000","1320.000000","=""True""","True","","Active","Active","Agreement","",""
"175","1","=""Microsoft Office 365""","Microsoft Office 365 Business - Per Month Billing ","Managed Services","Microsoft Office 365 Monthly","RFJ Auto Partners (Vernon Auto Group)","09/01/2022 12:00 am","09/01/2022 12:00 am","","Monthly","09/01/2022 12:00 am","01/31/2023 12:00 am","03/01/2023 12:00 am","100.00","0.00","100.00","14.790000","0.000000","1479.000000","0.000000","=""True""","True","","Active","Cancelled","Agreement","",""
"288","2","=""MST-NCE-100-C100""","Microsoft 365 Apps for Business (NCE)","Managed Services","Microsoft Office 365 Monthly Subscription Plan","Sutton & Mercer MDs, LLP","09/01/2022 12:00 am","09/01/2022 12:00 am","","Monthly","02/01/2023 12:00 am","","03/01/2023 12:00 am","4.00","0.00","4.00","8.990000","8.760000","35.960000","35.040000","=""True""","True","","Active","Active","Agreement","",""
"58","1","=""WFMSP O365""","Microsoft Office 365 Business - Per Month Billing","Managed Services","Microsoft Office 365 Monthly Subscription Plan","Sutton & Mercer MDs, LLP","09/01/2022 12:00 am","09/01/2022 12:00 am","","Monthly","09/01/2022 12:00 am","01/31/2023 12:00 am","03/01/2023 12:00 am","4.00","0.00","4.00","8.990000","0.000000","35.960000","0.000000","=""True""","True","","Active","Cancelled","Agreement","",""
"61","1","=""WFMSP O365""","Microsoft Office 365 - Billed Quarterly - 3 Months @ $8.99 each ","Managed Services","Microsoft Office 365 Monthly Subscription Plan","Dr. Gadam Rao","09/01/2022 12:00 am","09/01/2022 12:00 am","","Quarterly","09/01/2022 12:00 am","","03/01/2023 12:00 am","1.00","0.00","1.00","26.970000","0.000000","26.970000","0.000000","=""True""","True","","Active","Active","Agreement","",""
"102","1","=""WF Monthly Maintenance""","Monthly Maintenance","Managed Services","Monthly Maintenance ","Medders Oil Co.","09/01/2022 12:00 am","09/01/2022 12:00 am","","Monthly","09/01/2022 12:00 am","","03/01/2023 12:00 am","1.00","0.00","1.00","350.000000","0.000000","350.000000","0.000000","=""True""","True","","Active","Active","Agreement","",""
"133","1","=""WFMSP Offsite Backup""","Monthly Offsite Backup Per Month Licensing - 75GB ","Managed Services","Monthly Offsite Backup - Quote 5245","Skyline Developers, Inc.","09/01/2022 12:00 am","09/01/2022 12:00 am","","Monthly","09/01/2022 12:00 am","","03/01/2023 12:00 am","1.00","0.00","1.00","29.000000","0.000000","29.000000","0.000000","=""True""","True","","Active","Active","Agreement","",""
"158","1","=""WF Monthly Maintenance""","Monthly Remote Hosting Mgmt/Maintenance Billed per Quote 4472","Managed Services","Monthly Remote Hosting Mgmt. - Maint.","Bruce Property Tax Solutions, LLC","09/01/2022 12:00 am","09/01/2022 12:00 am","","Monthly","09/01/2022 12:00 am","","03/01/2023 12:00 am","1.00","0.00","1.00","175.000000","0.000000","175.000000","0.000000","=""True""","True","","Active","Active","Agreement","",""
"239","1","=""WFMSP Cove B/U-Physical Server""","1TB Server & Critical Systems- Cove Backup","Managed Services","MSP - Server and Critical Systems Backup","TWG Investments, LTD","10/01/2022 12:00 am","10/01/2022 12:00 am","09/30/2023 12:00 am","Monthly","10/01/2022 12:00 am","","03/01/2023 12:00 am","1.00","0.00","1.00","125.000000","35.000000","125.000000","35.000000","=""True""","True","","Active","Active","Agreement","",""
"240","2","=""WFMSP Cove Backup-Workstation""","Cove File Back-up only","Managed Services","MSP - Server and Critical Systems Backup","TWG Investments, LTD","10/01/2022 12:00 am","10/01/2022 12:00 am","09/30/2023 12:00 am","Monthly","10/01/2022 12:00 am","09/30/2023 12:00 am","03/01/2023 12:00 am","3.00","0.00","3.00","0.000000","75.000000","0.000000","225.000000","=""False""","True","","Active","Active","Agreement","",""
"105","1","=""WF Monthly Maintenance""","Web Fire Total Network Management Contract (Monthly Billing) Includes the following: - Equipment & Asset monitoring - Scheduled preventative maintenance  - Managed Patch deployment - Switch/Router monitoring - Remote Support as needed ","Managed Services","Network Management Contract - Quote 7239","North Texas Rheumatology Associates","09/01/2022 12:00 am","09/01/2022 12:00 am","","Monthly","09/01/2022 12:00 am","","03/01/2023 12:00 am","1.00","0.00","1.00","399.000000","0.000000","399.000000","0.000000","=""True""","True","","Active","Active","Agreement","",""
"278","1","=""MST-NCE-104-C100""","Microsoft 365 Business Standard - Billed Annually @ $15.00/Month","Managed Services","O365 ","Prisock, Rich","01/15/2023 12:00 am","01/15/2023 12:00 am","12/27/2023 12:00 am","Annual","01/15/2023 12:00 am","12/27/2023 12:00 am","","1.00","0.00","1.00","180.000000","0.000000","180.000000","0.000000","=""True""","True","","Active","Active","Agreement","",""
"191","1","=""WFMSP Offsite Backup""","Offsite Backup","Managed Services","Offsite Backup","Lydia Properties","09/01/2022 12:00 am","09/01/2022 12:00 am","","Monthly","09/01/2022 12:00 am","","03/01/2023 12:00 am","1.00","0.00","1.00","30.000000","0.000000","30.000000","0.000000","=""True""","True","","Active","Active","Agreement","",""
"202","1","=""WFMSP Offsite Backup""","Offsite Backup *Billed annually - 12 months @ $21.99 each","Managed Services","Offsite Backup - Quote 5183","Metal & Tire, LLC","11/01/2022 12:00 am","11/01/2022 12:00 am","","Annual","11/01/2022 12:00 am","","","1.00","0.00","1.00","263.880000","0.000000","263.880000","0.000000","=""True""","True","","Active","Active","Agreement","",""
"204","1","=""WFMSP Offsite Backup""","Offsite Backup - Caps Server - 35 GB *Billed Annually - 12 months @ $21.99 each","Managed Services","Offsite Backup - Quote 5183- COVE","Olney Fuel & Supply","09/01/2022 12:00 am","01/01/2023 12:00 am","","Annual","01/01/2023 12:00 am","","","1.00","0.00","1.00","263.880000","0.000000","263.880000","0.000000","=""True""","True","","Active","Active","Agreement","",""
"144","1","=""WF Hosted Email""","Web Fire Hosted Email","Managed Services","Offsite Backup & Email","Woodco Building Products","09/01/2022 12:00 am","09/01/2022 12:00 am","","Monthly","09/01/2022 12:00 am","","02/01/2023 12:00 am","1.00","0.00","1.00","11.990000","0.000000","11.990000","0.000000","=""True""","True","","Active","Active","Agreement","",""
"146","2","=""WFMSP Offsite Backup""","Offsite Backup","Managed Services","Offsite Backup & Email","Woodco Building Products","09/01/2022 12:00 am","09/01/2022 12:00 am","","Monthly","09/01/2022 12:00 am","","02/01/2023 12:00 am","1.00","0.00","1.00","40.000000","0.000000","40.000000","0.000000","=""True""","True","","Active","Active","Agreement","",""
"302","3","=""MST-OFC-BUS-C100-MON""","Pax8 - Microsoft 365 Apps for business - Monthly","Managed Services","Offsite Backup & Email","Woodco Building Products","09/01/2022 12:00 am","09/01/2022 12:00 am","","Monthly","02/01/2023 12:00 am","","02/01/2023 12:00 am","5.00","0.00","5.00","11.990000","7.300000","59.950000","36.500000","=""True""","True","","Active","Active","Agreement","",""
"173","1","=""WFMSP Offsite Backup""","Offsite Cloud Based Backup - 800GB","Managed Services","Offsite Cloud Based Backup","Tex-Oma Builder's Supply","09/01/2022 12:00 am","09/01/2022 12:00 am","","Monthly","09/01/2022 12:00 am","","03/01/2023 12:00 am","1.00","0.00","1.00","159.000000","0.000000","159.000000","0.000000","=""True""","True","","Active","Active","Agreement","",""
"198","2","=""WF Hosted Email""","Web Fire Hosted Email","Managed Services","Offsite Cloud Based Backup","Tex-Oma Builder's Supply","09/01/2022 12:00 am","09/01/2022 12:00 am","","Monthly","09/01/2022 12:00 am","","03/01/2023 12:00 am","80.00","0.00","80.00","2.000000","0.000000","160.000000","0.000000","=""True""","True","","Active","Active","Agreement","",""
"143","1","=""WFMSP Offsite Backup""","Web Fire Monthly Offsite Backup - 1 PC, 50GB Billed per Quote 6103","Managed Services","Remote Backup - Quote 6103","Vantage Point Homeowner Association","09/01/2022 12:00 am","09/01/2022 12:00 am","","Monthly","09/01/2022 12:00 am","","03/01/2023 12:00 am","1.00","0.00","1.00","15.990000","0.000000","15.990000","0.000000","=""True""","True","","Active","Active","Agreement","",""
"32","1","=""WFMSP RMM Server""","Web Fire Remote Management - (1) Server/Backup (Monthly Billing)  Billed per Quote 7901","Managed Services","Remote Management - (1) Server/Backup/EDR","Breegle Abbey Carpet & Floor","09/01/2022 12:00 am","09/01/2022 12:00 am","","Monthly","09/01/2022 12:00 am","","03/01/2023 12:00 am","1.00","0.00","1.00","399.000000","0.000000","399.000000","0.000000","=""True""","True","","Active","Active","Agreement","",""
"33","2","=""WFMSP EDR-Sentinel One""","Solarwinds Endpoint Detection & Response (Sentinel One) (Monthly Billing) Billed per Quote 8105","Managed Services","Remote Management - (1) Server/Backup/EDR","Breegle Abbey Carpet & Floor","09/01/2022 12:00 am","09/01/2022 12:00 am","","Monthly","09/01/2022 12:00 am","","03/01/2023 12:00 am","24.00","0.00","24.00","6.000000","0.000000","144.000000","0.000000","=""True""","True","","Active","Active","Agreement","",""
"93","1","=""WF Monthly Maintenance""","Web Fire Remote Server/Desktop Management - (15) Desktops/(1) Server","Managed Services","Remote Server/Desktop Management/365/Backups","Team Pride Extrusions, Inc.","09/01/2022 12:00 am","09/01/2022 12:00 am","","Monthly","09/01/2022 12:00 am","","03/01/2023 12:00 am","1.00","0.00","1.00","459.000000","0.000000","459.000000","0.000000","=""True""","True","","Active","Active","Agreement","",""
"94","2","=""WFMSP Cove Backup-Workstation""","Web Fire Remote Cloud Based Backup Solution - 500GB ","Managed Services","Remote Server/Desktop Management/365/Backups","Team Pride Extrusions, Inc.","09/01/2022 12:00 am","09/01/2022 12:00 am","","Monthly","09/01/2022 12:00 am","","03/01/2023 12:00 am","1.00","0.00","1.00","99.000000","0.000000","99.000000","0.000000","=""True""","True","","Active","Active","Agreement","",""
"244","4","=""MST-OFC-BUS-C100-MON""","Pax8 - Microsoft 365 Apps for business - Monthly","Managed Services","Remote Server/Desktop Management/365/Backups","Team Pride Extrusions, Inc.","09/01/2022 12:00 am","09/01/2022 12:00 am","","Monthly","10/10/2022 12:00 am","","03/01/2023 12:00 am","5.00","0.00","5.00","9.960000","7.300000","49.800000","36.500000","=""True""","True","","Active","Active","Agreement","",""
"95","3","=""WFMSP O365""","Microsoft Office 365 Apps for Business","Managed Services","Remote Server/Desktop Management/365/Backups","Team Pride Extrusions, Inc.","09/01/2022 12:00 am","09/01/2022 12:00 am","","Monthly","09/01/2022 12:00 am","10/10/2022 12:00 am","03/01/2023 12:00 am","4.00","0.00","4.00","8.590000","0.000000","34.360000","0.000000","=""True""","True","","Active","Cancelled","Agreement","",""
"66","1","=""WFMSP MDR""","SolarWinds Managed EDR (Endpoint Disaster Recovery) ","Managed Services","Server Mgmt/Backup - 365 - EDR","Select Industries, Inc.","09/01/2022 12:00 am","09/01/2022 12:00 am","","Monthly","09/01/2022 12:00 am","","03/01/2023 12:00 am","14.00","0.00","14.00","5.990000","0.000000","83.860000","0.000000","=""True""","True","","Active","Active","Agreement","",""
"67","2","=""WF Monthly Maintenance""","Web Fire Remote Server/Desktop/Backup Management - Server Mgmt/Backup 150 GB","Managed Services","Server Mgmt/Backup - 365 - EDR","Select Industries, Inc.","09/01/2022 12:00 am","09/01/2022 12:00 am","","Monthly","09/01/2022 12:00 am","","03/01/2023 12:00 am","1.00","0.00","1.00","499.000000","0.000000","499.000000","0.000000","=""True""","True","","Active","Active","Agreement","",""
"283","5","=""MST-OFC-BPM-C100""","Microsoft 365 Business Standard","Managed Services","Server Mgmt/Backup - 365 - EDR","Select Industries, Inc.","09/01/2022 12:00 am","09/01/2022 12:00 am","","Monthly","02/01/2023 12:00 am","","03/01/2023 12:00 am","18.00","0.00","18.00","14.590000","11.000000","262.620000","198.000000","=""True""","True","","Active","Active","Agreement","",""
"68","3","=""WFMSP O365""","Microsoft Office 365 ","Managed Services","Server Mgmt/Backup - 365 - EDR","Select Industries, Inc.","09/01/2022 12:00 am","09/01/2022 12:00 am","","Monthly","09/01/2022 12:00 am","01/31/2023 12:00 am","03/01/2023 12:00 am","17.00","0.00","17.00","14.590000","0.000000","248.030000","0.000000","=""True""","True","","Active","Cancelled","Agreement","",""
"275","3","=""WFMSP Slvr Pkg Fee""","Managed Service Provider Silver Tier Package Fee","Managed Services","Silver Program & 365","Nocona Housing Authority","01/01/2023 12:00 am","01/15/2023 12:00 am","12/20/2023 12:00 am","Monthly","01/15/2023 12:00 am","12/20/2023 12:00 am","03/01/2023 12:00 am","1.00","0.00","1.00","50.000000","0.000000","50.000000","0.000000","=""True""","True","","Active","Active","Agreement","",""
"276","4","=""WFMSP Slvr Pkg""","Silver Program Monthly - 24/7 Remote Monitoring & Support - Windows Based Patch Management - Endpoint Detection & Recovery - Real time network documentation - Password management for network devices - Document level cloud backups for critical systems","Managed Services","Silver Program & 365","Nocona Housing Authority","01/01/2023 12:00 am","01/15/2023 12:00 am","12/20/2023 12:00 am","Monthly","01/15/2023 12:00 am","12/20/2023 12:00 am","03/01/2023 12:00 am","2.00","0.00","2.00","35.000000","19.000000","70.000000","38.000000","=""True""","True","","Active","Active","Agreement","",""
"277","5","=""MST-NCE-100-C100""","Microsoft 365 Apps for Business (NCE)","Managed Services","Silver Program & 365","Nocona Housing Authority","01/01/2023 12:00 am","01/15/2023 12:00 am","12/20/2023 12:00 am","Monthly","01/15/2023 12:00 am","12/20/2023 12:00 am","03/01/2023 12:00 am","2.00","0.00","2.00","10.000000","7.300000","20.000000","14.600000","=""True""","True","","Active","Active","Agreement","",""
"285","1","=""WFMSP Slvr Wkst""","Silver Package Workstation","Managed Services","testing msp ","XYZ Test Company","01/18/2023 12:00 am","03/11/2023 12:00 am","01/17/2024 12:00 am","Monthly","03/11/2023 12:00 am","","03/01/2023 12:00 am","4.00","0.00","4.00","40.000000","5.530000","160.000000","22.120000","=""True""","True","","Active","Inactive","Agreement","",""
"286","2","=""WFMSP Gold Svr""","Gold Package Server","Managed Services","testing msp ","XYZ Test Company","01/18/2023 12:00 am","03/11/2023 12:00 am","01/17/2024 12:00 am","Monthly","03/11/2023 12:00 am","","03/01/2023 12:00 am","1.00","0.00","1.00","125.000000","34.790000","125.000000","34.790000","=""True""","True","","Active","Inactive","Agreement","",""
"254","2","=""WFMSP Slvr Pkg""","Silver Program Monthly","Managed Services","Web Fire Remote Management Program","Texoma Rheumatology, PLLC","11/11/2022 12:00 am","12/01/2022 12:00 am","11/11/2023 12:00 am","Monthly","12/01/2022 12:00 am","12/01/2023 12:00 am","03/01/2023 12:00 am","1.00","0.00","1.00","50.000000","19.000000","50.000000","19.000000","=""True""","True","","Active","Active","Agreement","",""
"255","3","=""WFMSP Slvr Wkst""","Silver Package Workstation","Managed Services","Web Fire Remote Management Program","Texoma Rheumatology, PLLC","11/11/2022 12:00 am","12/01/2022 12:00 am","11/11/2023 12:00 am","Monthly","12/01/2022 12:00 am","12/01/2023 12:00 am","03/01/2023 12:00 am","13.00","0.00","13.00","35.000000","7.000000","455.000000","91.000000","=""True""","True","","Active","Active","Agreement","",""
"139","1","=""WFMSP Offsite Backup""","Monthly Offsite Backup","Managed Services","Web Hosting - Offsite Backup","USA Rock Bit, Inc.","09/01/2022 12:00 am","09/01/2022 12:00 am","","Monthly","09/01/2022 12:00 am","","03/01/2023 12:00 am","1.00","0.00","1.00","45.000000","0.000000","45.000000","0.000000","=""True""","True","","Active","Active","Agreement","",""
"140","2","=""WF Hosted Domain""","Monthly Web Hosting","Managed Services","Web Hosting - Offsite Backup","USA Rock Bit, Inc.","09/01/2022 12:00 am","09/01/2022 12:00 am","","Monthly","09/01/2022 12:00 am","","03/01/2023 12:00 am","1.00","0.00","1.00","20.000000","0.000000","20.000000","0.000000","=""True""","True","","Active","Active","Agreement","",""
"138","1","=""WFMSP Offsite Backup""","Web Fire Monthly Offsite Backup - 50GB ","Managed Services","WF Offsite Backup- Cove","Feed and Garden Store","09/01/2022 12:00 am","09/01/2022 12:00 am","","Monthly","09/01/2022 12:00 am","","03/01/2023 12:00 am","1.00","0.00","1.00","25.990000","0.000000","25.990000","0.000000","=""True""","True","","Active","Active","Agreement","",""
